,2000_cases,2001_cases,2002_cases,2003_cases,2004_cases,2005_cases,2006_cases,2007_cases,2008_cases,2009_cases,2010_cases,2011_cases,2012_cases,2013_cases,2014_cases,2015_cases,2016_cases,2017_cases,2018_cases,2019_cases,2020_cases,2021_cases,2022_cases,2000_pop,2001_pop,2002_pop,2003_pop,2004_pop,2005_pop,2006_pop,2007_pop,2008_pop,2009_pop,2010_pop,2011_pop,2012_pop,2013_pop,2014_pop,2015_pop,2016_pop,2017_pop,2018_pop,2019_pop,2020_pop,2021_pop,2022_pop
ANGUILLA,3.0,25.0,5.0,2.0,0.0,0.0,0.0,0.0,9.0,0.0,1.0,9.0,7.0,8.0,2.0,0.0,,10.0,1.0,0.0,0.0,,,11.07,11.372,11.692,12.021,12.339,12.638,12.903,13.15,13.36,13.565,13.769,13.951,14.129,14.299,14.459,14.611,14.764,14.909,15.045,15.174,15.283,15.38,15.456
ANTIGUA AND BARBUDA,8.0,20.0,5.0,1.0,0.0,0.0,0.0,0.0,17.0,0.0,3.0,7.0,10.0,3.0,2.0,0.0,1.0,0.0,0.0,54.0,353.0,0.0,0.0,26.853,26.997,26.827,26.593,26.333,26.078,25.832,25.589,25.344,25.096,24.837,24.603,24.703,24.798,24.891,24.981,25.085,25.21,25.35,25.507,25.682,25.873,26.086
ARGENTINA,1700.0,11.0,234.0,135.0,3284.0,249.0,181.0,173.0,40.0,26612.0,1185.0,213.0,2803.0,9357.0,3207.0,4529.0,78034.0,523.0,744.0,3283.0,59290.0,3801.0,383.0,33033.759,33472.77,33914.629,34358.182,34801.668,35243.134,35682.044,36119.46,36558.068,37001.229,37451.589,37903.389,38358.76,38817.436,39275.143,39728.358,40175.981,40618.237,41055.867,41489.566,41919.857,42346.437,42768.727
ARUBA,76.0,0.0,25.0,,173.0,0.0,5.0,0.0,0.0,845.0,1415.0,3027.0,0.0,528.0,49.0,,51.0,0.0,9.0,0.0,1.0,0.0,0.0,42.444,43.048,43.67,44.246,44.669,44.889,44.881,44.685,44.375,44.052,43.778,43.822,44.064,44.361,44.674,44.979,45.275,45.572,45.872,46.182,46.511,46.848,47.2
AUSTRALIA,217.0,183.0,224.0,868.0,356.0,219.0,188.0,316.0,557.0,1404.0,1228.0,821.0,1539.0,1841.0,1721.0,1716.0,2239.0,1135.0,933.0,1469.0,224.0,11.0,535.0,16060.093,16204.901,16402.364,16612.936,16848.992,17118.434,17425.913,17767.362,18128.926,18491.814,18842.292,19175.331,19490.21,19794.324,20094.765,20396.531,20700.043,21003.923,21307.04,21607.414,21903.705,22195.539,22483.604
BAHAMAS,0.0,0.0,0.0,180.0,1.0,0.0,1.0,0.0,1.0,0.0,8.0,7000.0,3.0,3.0,,3.0,12.0,10.0,2.0,16.0,1.0,,,244.291,248.72,253.792,259.334,265.039,270.701,276.253,281.741,287.112,292.348,297.422,302.33,307.053,311.587,315.931,320.094,324.066,327.853,331.506,335.099,338.674,342.261,345.844
BANGLADESH,5551.0,2430.0,6132.0,486.0,3934.0,1048.0,2200.0,466.0,2304.0,946.0,818.0,1359.0,671.0,1749.0,375.0,3162.0,6060.0,2769.0,10148.0,104954.0,1405.0,26683.0,61089.0,31040.651,32314.063,33817.103,35350.71,36901.153,38452.976,40001.295,41547.154,43106.528,44698.643,46347.089,48058.704,49821.256,51624.214,53455.788,55305.132,57168.03,59046.818,60944.245,62865.82,64814.953,66791.896,68791.79
BARBADOS,744.0,1057.0,740.0,557.0,349.0,320.0,1.0,0.0,1.0,55.0,2917.0,745.0,912.0,2871.0,2666.0,503.0,1732.0,597.0,69.0,125.0,1342.0,448.0,100.0,91.281,91.028,90.758,90.482,90.221,89.988,89.788,89.613,89.453,89.286,89.099,88.951,88.849,88.79,88.778,88.815,88.898,89.026,89.201,89.426,89.695,90.012,90.38
BELIZE,4.0,3.0,41.0,9.0,2.0,380.0,9.0,40.0,23.0,1457.0,2178.0,469.0,1421.0,2777.0,4990.0,5691.0,4899.0,3054.0,2347.0,13410.0,2658.0,1251.0,0.0,112.275,115.714,118.946,122.042,125.15,128.36,131.696,135.115,138.575,142.036,145.456,148.888,152.345,155.852,159.442,163.139,166.945,170.857,174.871,178.983,183.182,187.469,191.851
BERMUDA,0.0,0.0,0.0,0.0,0.0,2.0,2.0,0.0,0.0,0.0,2.0,1.0,0.0,1.0,1.0,0.0,0.0,0.0,0.0,2.0,0.0,0.0,0.0,64.028,64.323,64.61,64.87,65.065,65.13,65.063,64.892,64.625,64.303,63.956,63.581,63.179,62.771,62.382,62.003,61.666,61.349,61.07,60.833,60.639,60.472,60.354
BHUTAN,0.0,0.0,0.0,0.0,2579.0,19.0,480.0,86.0,73.0,351.0,874.0,712.0,1101.0,111.0,0.0,0.0,550.0,87.0,28.0,5480.0,16.0,5.0,,145.753,156.124,167.186,178.853,191.026,203.329,213.178,223.048,232.967,242.986,253.171,263.512,273.865,284.174,294.412,304.542,314.54,324.393,334.138,343.81,353.445,363.051,372.601
BOLIVIA,118.0,340.0,892.0,6548.0,7390.0,4292.0,2040.0,7332.0,3181.0,84047.0,5191.0,26681.0,42704.0,13266.0,22409.0,27099.0,34786.0,19990.0,15320.0,21567.0,109498.0,8947.0,17036.0,5152.761,5293.779,5432.803,5572.387,5713.426,5855.799,5999.605,6144.724,6291.277,6439.188,6588.702,6739.752,6892.356,7040.847,7187.241,7334.993,7484.135,7634.445,7786.488,7940.041,8094.974,8251.182,8408.607
BRAZIL,239929.0,413067.0,780644.0,341902.0,112928.0,203789.0,346550.0,559954.0,561659.0,528883.0,1004392.0,764032.0,581840.0,1478215.0,586774.0,1695323.0,2220482.0,512827.0,470269.0,2253883.0,1446298.0,975474.0,2226895.0,142319.507,144960.898,147507.76,150005.145,152448.284,154831.64,157151.283,159407.919,161617.285,163798.431,165969.018,168150.255,170322.118,172471.366,174585.878,176653.7,178669.587,180633.872,182546.459,184407.548,186217.07,187973.657,189675.703
BRUNEI DARUSSALAM,0.0,0.0,26.0,160.0,36.0,68.0,68.0,18.0,32.0,33.0,299.0,25.0,290.0,2434.0,872.0,317.0,84.0,75.0,,,,,,237.146,243.701,249.902,255.928,261.711,267.16,272.24,276.993,281.601,286.323,291.344,296.733,302.434,308.33,314.263,320.102,325.818,331.434,336.97,342.428,347.838,353.19,358.463
CAMBODIA,3148.0,10569.0,12471.0,12081.0,10049.0,9042.0,16669.0,39851.0,9823.0,11699.0,12500.0,31337.0,42352.0,34835.0,7401.0,30466.0,14689.0,9698.0,34871.0,136871.0,11792.0,1903.0,12581.0,2258.686,2319.592,2377.808,2434.015,2489.279,2544.414,2599.647,2655.04,2716.606,2808.171,2903.806,3003.941,3108.642,3217.184,3328.914,3443.036,3559.463,3678.035,3799.521,3923.699,4050.459,4179.681,4311.303
CAYMAN ISLANDS,0.0,0.0,1.0,1.0,0.0,1.0,0.0,9.0,1.0,0.0,8.0,2.0,53.0,69.0,,2.0,0.0,0.0,,28.0,32.0,0.0,0.0,41.687,43.316,44.738,46.028,47.299,48.622,50.031,51.483,52.926,54.279,55.507,56.579,57.523,58.371,59.172,59.963,60.765,61.559,62.348,63.129,63.89,64.643,65.393
CHILE,,,636.0,0.0,0.0,0.0,0.0,0.0,0.0,27.0,0.0,1.0,32.0,44.0,,6.0,,0.0,18.0,29.0,9.0,0.0,0.0,13137.147,13338.71,13531.017,13692.735,13853.19,14012.965,14172.436,14331.35,14489.014,14644.416,14796.864,14946.058,15092.261,15235.827,15377.43,15517.478,15657.149,15796.168,15934.214,16070.807,16205.574,16338.316,16469.065
CHINA,806.0,740.0,2719.0,93.0,247.0,40.0,1315.0,539.0,365.0,562.0,223.0,107.0,157.0,9940.0,94376.0,7086.0,3958.0,11523.0,10172.0,44505.0,558.0,0.0,487.0,460377.048,478841.638,499010.479,519610.28,540635.912,561983.323,583095.08,604219.506,625674.528,647369.562,669353.557,690723.821,711866.793,733059.486,754262.825,775352.918,796289.491,816957.613,837022.095,856409.297,875075.919,892977.294,910080.75
COLOMBIA,,,382.0,,1614.0,1938.0,5585.0,44624.0,35784.0,51946.0,160265.0,31133.0,56627.0,125367.0,104877.0,95841.0,99977.0,25503.0,44706.0,125670.0,73981.0,50106.0,66758.0,29881.676,30487.256,31095.113,31702.982,32308.146,32907.507,33500.567,34086.957,34665.95,35236.954,35799.432,36352.643,36896.07,37429.791,37954.174,38469.351,38975.181,39471.097,39956.413,40430.278,40891.996,41341.142,41777.604
COOK ISLANDS,0.0,21.0,2256.0,1.0,4.0,0.0,468.0,1224.0,11.0,170.0,0.0,,,,946.0,,0.0,1.0,3.0,260.0,259.0,2.0,3.0,11.814,12.258,12.75,13.239,13.684,13.999,14.17,14.14,13.974,13.773,13.585,13.421,13.272,13.142,13.048,12.983,12.968,13.006,13.067,13.144,13.223,13.289,13.358
COSTA RICA,4907.0,9237.0,12251.0,19669.0,9408.0,37798.0,12124.0,26440.0,7160.0,6946.0,31773.0,13854.0,19880.0,50232.0,10901.0,17394.0,23319.0,8918.0,2718.0,9472.0,9955.0,5174.0,7110.0,2318.04,2414.449,2509.17,2602.647,2695.954,2789.638,2884.089,2978.843,3073.616,3167.613,3260.59,3352.266,3441.56,3528.389,3612.971,3695.43,3775.78,3853.956,3929.845,4003.302,4074.214,4142.55,4208.353
DOMINICA,15.0,5.0,0.0,0.0,4.0,11.0,19.0,111.0,80.0,2.0,635.0,40.0,3.0,197.0,,0.0,70.0,0.0,0.0,46.0,1.0,0.0,1.0,45.474,45.552,45.867,46.257,46.66,47.038,47.372,47.68,47.976,48.292,48.647,49.047,49.483,49.943,50.42,50.906,51.392,51.881,52.375,52.863,53.355,53.833,54.312
DOMINICAN REPUBLIC,3462.0,3596.0,3194.0,6163.0,2476.0,2860.0,6143.0,9628.0,4333.0,8292.0,11519.0,2339.0,9505.0,16709.0,6068.0,17048.0,6645.0,1367.0,1602.0,20323.0,3776.0,3746.0,9626.0,5287.718,5441.366,5597.091,5793.592,6008.254,6223.375,6439.091,6654.957,6870.795,7085.768,7300.054,7503.01,7697.696,7890.775,8082.262,8271.702,8458.941,8643.423,8823.303,8998.444,9168.876,9334.544,9495.433
ECUADOR,22937.0,10919.0,5833.0,10319.0,6165.0,12131.0,6044.0,105887.0,1894.0,4489.0,1042.0,7659.0,16544.0,11733.0,15460.0,42473.0,14159.0,11331.0,3140.0,8480.0,19803.0,20829.0,15760.0,7614.955,7814.356,7989.423,8148.667,8310.299,8476.093,8646.883,8822.087,9000.784,9181.295,9362.55,9539.093,9712.551,9886.31,10060.527,10235.174,10410.121,10585.047,10762.37,10941.934,11123.641,11307.417,11493.241
EL SALVADOR,3248.0,1176.0,18307.0,7436.0,13344.0,15290.0,22088.0,12476.0,5774.0,15040.0,22406.0,20836.0,43861.0,29141.0,53196.0,49892.0,8789.0,4402.0,8333.0,27362.0,5334.0,5633.0,15339.0,3456.741,3511.901,3564.991,3616.425,3666.871,3716.729,3766.348,3818.861,3890.916,3962.815,4034.898,4107.2,4179.885,4252.778,4326.112,4399.797,4473.087,4545.804,4617.807,4688.788,4758.508,4826.802,4893.661
FIJI,14.0,3.0,0.0,16.0,2.0,0.0,25.0,100.0,1895.0,374.0,8.0,,618.0,704.0,,,398.0,5847.0,9389.0,5360.0,1817.0,929.0,8674.0,388.64,393.266,397.18,400.844,404.911,409.85,415.891,422.892,431.333,440.111,448.644,456.81,464.716,472.461,480.253,488.237,496.431,504.742,513.116,521.393,529.489,537.363,545.034
FRENCH GUIANA,186.0,2830.0,280.0,2178.0,3147.0,4365.0,15930.0,661.0,460.0,11330.0,4350.0,667.0,662.0,16263.0,0.0,451.0,15.0,0.0,0.0,275.0,8734.0,1756.0,,129.081,135.664,142.999,150.718,158.29,165.336,171.697,177.484,182.928,188.401,194.192,200.355,206.818,213.495,220.258,226.996,233.712,240.441,247.195,254.008,260.877,267.83,274.839
FRENCH POLYNESIA,36.0,32800.0,230.0,47.0,59.0,50.0,818.0,1897.0,176.0,2479.0,250.0,,,1569.0,4228.0,1012.0,,7.0,270.0,3130.0,242.0,,198.0,261.653,265.273,268.33799999999997,272.052,276.035,279.58,282.63599999999997,285.20500000000004,287.471,289.678,292.006,294.48900000000003,297.009,298.426,299.81399999999996,301.3880000000001,303.192,305.232,307.4,309.572,311.60299999999995,313.427,315.12499999999994
GRENADA,27.0,12.0,84.0,17.0,7.0,0.0,22.0,0.0,6.0,23.0,378.0,212.0,162.0,383.0,92.0,7.0,72.0,186.0,404.0,109.0,259.0,0.0,66.0,36.276,36.584,36.668,36.76,36.855,36.954,37.059,37.17,37.287,37.412,37.543,37.679,37.835,38.017,38.224,38.453,38.712,38.994,39.297,39.608,39.938,40.276,40.618
GUADELOUPE,60.0,0.0,93.0,495.0,0.0,3364.0,2948.0,3266.0,277.0,2234.0,41100.0,101.0,1032.0,12706.0,0.0,35.0,9.0,15.0,357.0,1240.0,19147.0,540.0,71.0,417.852,421.368,424.457,427.244,429.895,432.519,435.181,437.796,440.2,442.17,443.55,444.289,444.468,444.238,443.825,443.405,443.011,442.657,442.318,442.002,441.694,441.412,441.171
GUATEMALA,9006.0,4516.0,7599.0,6750.0,6352.0,6341.0,2428.0,5886.0,3230.0,10438.0,17045.0,2565.0,9252.0,11736.0,19764.0,11516.0,8243.0,4214.0,7592.0,50886.0,5983.0,2861.0,8407.0,5281.459,5445.865,5616.683,5789.994,5965.383,6143.708,6324.779,6508.761,6695.971,6886.723,7081.513,7280.286,7482.817,7690.609,7903.575,8121.457,8344.199,8571.832,8804.376,9041.859,9284.293,9531.638,9783.81
GUYANA,19.0,60.0,202.0,33.0,47.0,178.0,118.0,201.0,324.0,994.0,1468.0,1093.0,2189.0,1120.0,0.0,15.0,1.0,0.0,1.0,0.0,,36.0,,216.152,215.193,214.424,212.827,210.941,208.931,206.755,204.49,202.288,200.36,198.836,197.762,198.816,200.133,201.641,203.204,204.79,206.425,208.123,209.914,211.821,213.839,215.949
HONDURAS,13642.0,19077.0,322269.0,16599.0,19971.0,18843.0,8436.0,33508.0,18941.0,15291.0,66814.0,8297.0,15554.0,39360.0,42594.0,44834.0,18450.0,5226.0,8187.0,132905.0,24132.0,19753.0,19046.0,2965.811,3076.391,3198.899,3324.702,3452.724,3582.399,3713.768,3846.671,3980.896,4115.946,4251.823,4388.211,4525.19,4662.918,4802.219,4943.275,5086.183,5230.757,5376.802,5523.992,5672.054,5820.871,5970.36
HONG KONG,0.0,0.0,64.0,49.0,31.0,31.0,31.0,58.0,42.0,43.0,87.0,30.0,0.0,103.0,115.0,117.0,128.0,103.0,192.0,199.0,1.0,0.0,0.0,6663.654,6722.306,6759.491,6782.571,6802.597,6827.761,6860.376,6898.397,6940.323,6983.272,7025.221,7065.815,7106.399,7148.571,7194.563,7245.701,7302.843,7364.883,7428.887,7490.776,7547.652,7598.189,7643.256
INDIA,650.0,3306.0,1926.0,12754.0,4153.0,11985.0,12317.0,5530.0,12540.0,15535.0,1252.0,18860.0,37070.0,,,99913.0,129166.0,188401.0,101192.0,157315.0,44585.0,193245.0,233251.0,291350.282,299138.807,307805.144,316585.269,325483.057,334479.406,343589.817,352799.379,362088.139,371405.723,380744.554,390082.225,399552.347,409174.674,419001.673,429069.459,439391.699,449963.381,460779.764,471828.295,483098.64,494589.933,506304.869
INDONESIA,33443.0,45904.0,40377.0,51934.0,148567.0,157416.0,106425.0,157442.0,155607.0,156052.0,127619.0,65725.0,90245.0,112511.0,100347.0,129650.0,204171.0,68407.0,,138127.0,108303.0,73518.0,,88851.487,91771.693,94763.872,97826.125,100959.67,104155.654,107420.813,110751.705,114147.71,117596.639,121052.98,124314.824,127617.869,130944.421,134287.882,137634.761,140972.925,144294.861,147603.006,150900.39,154188.546,157464.948,160724.456
JAMAICA,25.0,39.0,90.0,52.0,9.0,46.0,79.0,1448.0,359.0,70.0,2827.0,408.0,4670.0,863.0,878.0,29.0,1652.0,219.0,1034.0,7382.0,853.0,76.0,80.0,1376.634,1393.476,1408.386,1422.372,1436.006,1449.489,1462.883,1476.111,1489.115,1501.785,1514.064,1525.934,1537.884,1549.954,1562.23,1574.768,1587.568,1600.602,1613.815,1627.119,1640.435,1653.746,1667.032
JAPAN,18.0,50.0,52.0,32.0,49.0,74.0,58.0,89.0,101.0,92.0,145.0,,,249.0,341.0,293.0,338.0,245.0,201.0,463.0,,,,100303.716,102165.938,104428.752,106547.065,108520.519,110340.709,111887.819,113271.669,114542.316,115696.464,116741.034,117029.015,117058.372,117055.095,117017.577,116944.428,116835.097,116693.276,116521.525,116322.813,116099.672,115853.245,115583.843
KIRIBATI,0.0,0.0,483.0,1660.0,0.0,0.0,0.0,0.0,831.0,7.0,20.0,4.0,,,,,0.0,40.0,3392.0,2.0,0.0,2.0,2662.0,36.259,37.325,37.988,38.68,39.415,40.209,41.503,43.211,44.993,46.811,48.647,50.481,52.328,54.188,56.083,58.024,60.0,61.996,64.011,66.036,68.069,70.1,72.129
LAO PEOPLE'S DEMOCRATIC REPUBLIC,1377.0,3968.0,9176.0,17690.0,3972.0,6152.0,7114.0,5391.0,4487.0,7804.0,22929.0,3816.0,10146.0,50475.0,3638.0,3745.0,11254.0,22099.0,12764.0,77986.0,7692.0,1340.0,29014.0,1171.236,1244.999,1321.748,1401.957,1486.517,1564.297,1623.065,1684.769,1748.658,1813.299,1877.89,1941.861,2005.615,2069.93,2136.475,2206.33,2279.99,2356.986,2436.711,2518.056,2600.131,2682.637,2765.699
MALAYSIA,8805.0,16368.0,32767.0,31545.0,33895.0,39686.0,38556.0,48846.0,49335.0,73770.0,88584.0,39924.0,23088.0,87208.0,214191.0,242455.0,209958.0,176568.0,165011.0,260383.0,87171.0,26978.0,65732.0,14369.654,14911.85,15452.419,15993.282,16537.812,17087.554,17642.481,18201.417,18767.682,19344.402,19934.949,20505.204,21083.027,21665.249,22240.775,22800.563,23340.549,23859.45,24363.73,24862.312,25361.963,25864.286,26366.66
MALDIVES,180.0,73.0,27.0,38.0,742.0,1126.0,5545.0,3351.0,3300.0,1619.0,1000.0,2909.0,1083.0,725.0,824.0,1890.0,1962.0,851.0,1838.0,2156.0,328.0,,,77.683,82.833,88.426,94.447,100.857,107.606,113.904,118.298,122.874,127.694,132.805,138.232,143.926,149.76,155.568,161.207,166.627,171.827,176.851,181.769,186.634,191.444,196.187
MARTINIQUE,171.0,4471.0,392.0,791.0,0.0,6083.0,4086.0,5082.0,586.0,1378.0,37100.0,275.0,1269.0,7040.0,0.0,30.0,16.0,111.0,73.0,480.0,32282.0,1073.0,13.0,347.193,349.571,351.533,353.052,354.112,354.729,354.89,354.634,353.982,352.98,351.666,350.026,348.116,346.181,344.521,343.326,342.721,342.625,342.898,343.282,343.595,343.798,343.934
MEXICO,21715.0,6401.0,9844.0,6996.0,8202.0,16862.0,27287.0,48436.0,31154.0,249763.0,57971.0,67918.0,165749.0,231712.0,124729.0,219593.0,130069.0,89961.0,78642.0,268494.0,120514.0,36742.0,57731.0,76007.411,77346.472,78647.444,79950.936,81313.48,82773.323,84348.11,86024.318,87771.378,89539.202,91292.115,93021.907,94735.78,96434.989,98125.896,99812.701,101492.232,103158.751,104811.498,106450.227,108074.41,109682.937,111274.113
MICRONESIA (FEDERATED STATES OF),14.0,0.0,0.0,0.0,658.0,,0.0,6.0,10.0,37.0,23.0,,,217.0,,,90.0,14.0,38.0,1995.0,13.0,15.0,2734.0,326.49100000000004,329.39599999999996,330.742,331.20599999999996,331.34999999999997,331.27000000000004,331.473,331.91200000000003,332.515,333.543,335.193,337.58099999999996,340.719,344.416,348.426,352.58,356.817,361.171,365.586,370.077,374.60600000000005,379.12699999999995,383.649
MONTSERRAT,9.0,1.0,1.0,1.0,0.0,0.0,0.0,0.0,2.0,0.0,0.0,3.0,0.0,6.0,0.0,0.0,0.0,0.0,0.0,1.0,0.0,2.0,1.0,0.103,0.428,0.414,0.421,0.436,0.446,0.451,0.453,0.453,0.452,0.452,0.455,0.457,0.459,0.461,0.463,0.466,0.468,0.472,0.474,0.478,0.482,0.486
MYANMAR,1222.0,15503.0,15663.0,6792.0,6624.0,16965.0,10392.0,14658.0,17281.0,23681.0,15631.0,4297.0,5606.0,21366.0,13480.0,42540.0,10023.0,30709.0,22659.0,,,,,12457.527,12686.44,12912.214,13132.634,13345.374,13548.744,13741.453,13924.916,14105.265,14290.552,14487.449,14698.256,14921.72,15155.252,15395.307,15646.537,15908.841,16183.083,16468.361,16763.626,17068.066,17381.064,17702.521
NEPAL,0.0,0.0,0.0,0.0,0.0,0.0,32.0,27.0,10.0,30.0,917.0,79.0,183.0,642.0,356.0,26.0,1523.0,1201.0,230.0,12100.0,,530.0,,3180.501,3369.88,3498.199,3627.212,3756.147,3884.136,4010.912,4136.836,4263.906,4394.555,4531.339,4675.252,4827.029,4985.633,5149.63,5317.799,5489.899,5666.428,5847.671,6034.147,6226.233,6423.994,6627.181
NEW CALEDONIA,15.0,34.0,105.0,5673.0,792.0,46.0,48.0,47.0,1179.0,8610.0,113.0,,743.0,20625.0,,,,8624.0,4038.0,7794.0,59.0,138.0,518.0,131.807,135.164,138.472,141.737,144.977,148.837,152.827,156.819,160.823,164.835,168.452,172.058,175.69,179.339,183.01,186.694,190.387,194.085,197.787,201.492,205.195,208.889,212.585
NICARAGUA,7317.0,2333.0,2269.0,2990.0,9331.0,14749.0,10617.0,12278.0,8666.0,18063.0,25174.0,11888.0,30878.0,77606.0,34998.0,49326.0,88463.0,69472.0,59315.0,186405.0,52464.0,36741.0,97541.0,2774.059,2822.479,2869.477,2915.658,2961.873,3008.904,3059.288,3110.511,3162.305,3214.159,3265.767,3317.045,3368.137,3419.082,3470.072,3521.191,3572.493,3624.78,3677.985,3731.933,3786.513,3841.629,3897.35
PALAU,1208.0,863.0,45.0,15.0,37.0,,28.0,80.0,204.0,4.0,9.0,,,9.0,13.0,,,1121.0,1002.0,2162.0,63.0,5.0,122.0,13.487,13.601,13.672,13.711,13.939,14.163,14.391,14.615,14.845,15.075,15.315,15.555,15.816,16.079,16.351,16.638,16.939,17.245,17.556,17.869,18.175,18.482,18.79
PANAMA,317.0,1545.0,711.0,293.0,373.0,4000.0,4300.0,3402.0,2287.0,6811.0,5410.0,9924.0,2175.0,4774.0,2069.0,1398.0,6613.0,9275.0,6849.0,9741.0,3645.0,3095.0,11172.0,1884.828,1930.951,1977.564,2024.707,2072.478,2120.9,2169.99,2219.702,2270.115,2321.25,2373.195,2426.258,2480.371,2535.396,2591.099,2647.313,2703.951,2761.008,2818.461,2876.295,2934.512,2993.059,3051.878
PARAGUAY,24282.0,38.0,1871.0,137.0,164.0,405.0,4271.0,37277.0,1953.0,6143.0,13553.0,42945.0,39063.0,144875.0,9575.0,41281.0,70215.0,2623.0,31464.0,16295.0,219260.0,16897.0,7366.0,2934.051,3025.867,3117.847,3195.222,3268.553,3340.099,3409.652,3477.439,3544.343,3611.534,3680.011,3750.08,3821.584,3892.161,3962.579,4033.246,4104.159,4175.325,4247.433,4320.371,4394.032,4468.355,4543.267
PERU,5486.0,23329.0,8875.0,3637.0,9774.0,6358.0,5531.0,6907.0,12493.0,8813.0,18392.0,30149.0,29994.0,14742.0,18895.0,35044.0,31868.0,76223.0,6879.0,17622.0,55780.0,49274.0,72489.0,18928.687,19288.381,19645.279,20001.001,20357.855,20717.275,21080.096,21446.856,21782.86,22111.168,22450.249,22801.306,23163.28,23532.253,23903.175,24271.929,24637.142,24999.015,25360.1,25721.093,26082.479,26443.821,26804.348
PHILIPPINES,8835.0,27295.0,16663.0,29946.0,23040.0,33901.0,37101.0,55639.0,39620.0,57819.0,135355.0,117418.0,67699.0,596770.0,225914.0,382984.0,395834.0,287952.0,431930.0,872795.0,88595.0,79592.0,219469.0,35981.065,36685.623,37393.239,38094.865,38778.282,39435.905,40063.109,40664.453,41251.516,41841.17,42487.934,43372.351,44280.138,45205.378,46140.286,47078.199,48017.889,48978.289,49961.978,50971.408,52008.603,53074.112,54167.314
PUERTO RICO,2433.0,5233.0,2906.0,3735.0,3288.0,5701.0,3043.0,11012.0,3384.0,6651.0,21298.0,5654.0,12298.0,18278.0,8766.0,1391.0,168.0,0.0,0.0,47.0,904.0,616.0,969.0,3583.84,3584.56,3578.837,3568.499,3556.127,3543.705,3531.908,3520.508,3509.46,3498.421,3487.202,3476.143,3465.597,3455.806,3447.043,3439.473,3433.23,3428.212,3424.04,3420.196,3416.272,3412.101,3407.753
SAINT KITTS AND NEVIS,5.0,89.0,20.0,2.0,4.0,1.0,1.0,0.0,49.0,2.0,19.0,47.0,2.0,100.0,,0.0,0.0,0.0,6.0,40.0,2.0,0.0,0.0,14.873,14.992,15.137,15.286,15.432,15.569,15.691,15.803,15.906,16.01,16.114,16.217,16.336,16.463,16.597,16.736,16.879,17.031,17.188,17.354,17.523,17.7,17.886
SAINT LUCIA,0.0,292.0,51.0,5.0,11.0,2.0,30.0,39.0,98.0,18.0,74.0,585.0,10.0,234.0,6.0,2.0,,11.0,90.0,20.0,1318.0,33.0,15.0,43.591,43.534,42.064,40.591,39.156,37.794,36.502,35.271,34.065,32.858,31.841,32.072,32.257,32.428,32.607,32.809,33.036,33.287,33.557,33.842,34.141,34.454,34.779
SAINT VINCENT AND THE GRENADINES,5.0,3.0,1104.0,6.0,4.0,8.0,5.0,2.0,6.0,10.0,133.0,47.0,91.0,127.0,0.0,,,1.0,0.0,0.0,1155.0,1.0,0.0,48.754,49.186,49.654,50.148,50.649,51.145,51.635,52.118,52.596,53.063,53.522,53.966,54.395,54.829,55.289,55.783,56.327,56.909,57.522,58.132,58.737,59.325,59.9
SAUDI ARABIA,,,,,,,1544.0,490.0,913.0,3350.0,3526.0,3302.0,1749.0,6512.0,2081.0,4312.0,5428.0,3462.0,10135.0,2228.0,3948.0,5675.0,1470.0,16579.826,17059.249,17591.725,18164.673,18758.216,19358.664,19958.674,20562.513,21180.283,21827.017,22512.101,23240.396,24002.168,24775.959,25532.242,26249.243,26918.214,27543.623,28133.138,28700.362,29255.576,29799.824,30329.753
SINGAPORE,1346.0,4771.0,7892.0,9422.0,18779.0,27992.0,6263.0,17638.0,13896.0,8941.0,10678.0,5266.0,4734.0,44575.0,36196.0,22586.0,26195.0,5605.0,4770.0,32006.0,34959.0,5245.0,31853.0,3913.96,4018.779,4131.208,4249.295,4370.04,4491.042,4611.901,4732.528,4851.109,4965.518,5074.252,5176.017,5270.958,5360.837,5448.342,5535.262,5622.455,5708.844,5791.901,5868.104,5935.053,5991.801,6039.577
SRI LANKA,3343.0,4304.0,8931.0,4749.0,15463.0,5994.0,11980.0,7314.0,6555.0,35010.0,33988.0,27614.0,43783.0,30450.0,45535.0,27702.0,50954.0,176272.0,49629.0,96045.0,30747.0,23647.0,41329.0,3452.171,3473.354,3497.272,3522.936,3548.774,3573.62,3597.241,3619.915,3641.521,3662.041,3681.427,3699.575,3716.388,3735.549,3757.194,3781.471,3808.409,3838.068,3870.642,3906.383,3945.488,3988.114,4034.302
SURINAME,1073.0,760.0,1104.0,285.0,375.0,2853.0,285.0,41.0,24.0,120.0,113.0,409.0,781.0,21.0,4.0,,,7.0,116.0,98.0,551.0,10.0,13.0,313.876,317.78,321.663,325.542,329.435,332.708,335.942,339.194,342.467,345.752,349.037,352.316,355.588,358.836,362.122,365.427,368.745,372.076,375.417,378.783,382.175,385.591,389.026
TAIWAN,118.0,243.0,5113.0,85.0,335.0,193.0,962.0,1937.0,478.0,840.0,1534.0,1543.0,1274.0,596.0,15509.0,43467.0,381.0,10.0,183.0,100.0,73.0,,20.0,15258.841,15450.818,15675.104,15903.372,16127.259,16339.969,16539.954,16728.862,16908.831,17082.95,17254.388,17423.251,17588.299,17749.773,17908.347,18064.348,18218.159,18369.72,18518.291,18662.774,18802.314,18936.553,19065.559
THAILAND,18812.0,140107.0,115353.0,62925.0,38535.0,46092.0,42575.0,63234.0,89946.0,25371.0,53149.0,29759.0,25316.0,87502.0,23170.0,86653.0,38466.0,31843.0,55076.0,87866.0,50911.0,7778.0,34605.0,19759.915,20682.166,21614.402,22555.867,23510.333,24476.532,25455.995,26444.821,27444.724,28453.448,29475.114,30184.47,30831.808,31477.014,32116.66,32745.68,33362.84,33966.456,34556.078,35132.892,35698.325,36252.084,36793.252
TIMOR-LESTE,0.0,0.0,0.0,0.0,434.0,1128.0,162.0,227.0,108.0,175.0,433.0,302.0,751.0,502.0,,,,,,,1451.0,901.0,2374.0,211.48,219.734,230.763,243.504,256.25,267.304,276.56,284.447,291.609,299.091,307.717,317.718,328.847,340.853,353.335,365.966,378.697,391.642,404.88,418.517,432.649,447.281,462.385
TONGA,0.0,0.0,0.0,80.0,3.0,,,62.0,195.0,273.0,30.0,,,,51.0,1559.0,,103.0,381.0,4.0,1.0,0.0,1230.0,22.571,22.721,22.881,23.049,23.221,23.396,23.576,23.775,23.981,24.176,24.357,24.516,24.595,24.627,24.677,24.756,24.876,25.027,25.215,25.428,25.648,25.875,26.116
TRINIDAD AND TOBAGO,2066.0,2244.0,6246.0,2289.0,546.0,411.0,37.0,47.0,2366.0,24.0,2497.0,1243.0,0.0,0.0,,,99.0,5.0,,230.0,0.0,0.0,6.0,708.868,708.944,709.588,710.629,711.789,712.883,713.844,714.729,715.584,716.493,717.501,718.595,720.039,721.712,723.47,725.194,726.847,728.446,730.005,731.559,733.146,734.748,736.374
TURKS AND CAICOS ISLANDS,0.0,0.0,0.0,2.0,1.0,1.0,0.0,0.0,0.0,0.0,0.0,24.0,14.0,5.0,,,0.0,0.0,0.0,6.0,0.0,0.0,0.0,15.957,17.23,18.7,20.275,21.821,23.207,24.403,25.432,26.325,27.151,27.965,28.77,29.541,30.288,30.99,31.659,32.288,32.9,33.481,34.04,34.59,35.13,35.66
UNITED STATES OF AMERICA,,96.0,29.0,40.0,,,143.0,488.0,0.0,3.0,65.0,7.0,186.0,552.0,659.0,945.0,990.0,453.0,331.0,1158.0,306.0,114.0,1070.0,222927.913,225698.564,228306.012,230813.194,233319.404,235892.407,238558.001,241285.684,244029.055,246715.308,249297.076,251775.947,254174.664,256527.51,258885.743,261287.811,263743.312,266243.516,268786.714,271365.914,273975.139,276615.118,279286.931
URUGUAY,,,,0.0,0.0,0.0,0.0,0.0,0.0,0.0,0.0,0.0,0.0,0.0,0.0,13.0,1769.0,0.0,0.0,0.0,4.0,0.0,,3056.474,3071.013,3080.503,3087.108,3093.991,3103.429,3116.287,3131.979,3149.714,3168.033,3185.92,3203.198,3218.089,3232.264,3246.699,3261.533,3276.757,3292.209,3307.662,3322.873,3337.671,3351.956,3365.738
VANUATU,0.0,20.0,15.0,122.0,26.0,2.0,168.0,82.0,96.0,45.0,105.0,,,,,,,275.0,247.0,69.0,16.0,44.0,2382.0,40.109,41.554,43.127,44.808,46.562,48.362,50.206,52.1,54.049,56.048,57.802,59.406,61.032,62.679,64.352,66.048,67.768,69.511,71.301,73.139,75.025,76.962,78.95
VENEZUELA,21130.0,83180.0,37676.0,26996.0,30693.0,42198.0,39860.0,80646.0,48048.0,65869.0,123967.0,31551.0,45015.0,64834.0,73912.0,1251.0,29268.0,8688.0,19226.0,15963.0,6592.0,5926.0,9941.0,21441.865,21917.236,22328.166,22738.97,23149.025,23557.733,23964.977,24370.499,24773.556,25173.188,25568.72,25959.66,26342.614,26720.13,27094.003,27464.635,27832.085,28198.251,28562.719,28924.869,29284.219,29640.551,29993.895
VIET NAM,25269.0,42878.0,31760.0,49751.0,78692.0,57080.0,68792.0,104553.0,96451.0,105370.0,128831.0,,82838.0,132642.0,61029.0,194235.0,201258.0,324219.0,251610.0,579772.0,,,,19568.59,20234.23,20907.601,21590.816,22288.057,23000.555,23731.457,24481.574,25256.002,26061.24,26910.696,27796.941,28720.142,29672.223,30646.691,31635.369,32635.787,33642.498,34658.961,35686.73,36727.248,37779.862,38841.525
VIRGIN ISLANDS (UK),3.0,23.0,0.0,0.0,0.0,1.0,0.0,6.0,15.0,65.0,9.0,939.0,12.0,223.0,7.0,0.0,0.0,7.0,57.0,45.0,0.0,0.0,0.0,8.624,8.866,9.113,9.375,9.672,10.011,10.403,10.84,11.305,11.763,12.2,12.598,12.972,13.324,13.674,14.028,14.397,14.767,15.137,15.496,15.832,16.147,16.438
